agent_id,f_lock_hz,fire_count,flash_on,frequency_hz,lock_hold_state,phase_rad,pi_flash_events_consumed,received_neighbour_events,role,t_s,topology
V0,,2,1,2.347068,acquisition,0.179209,0,1,virtual,3e-06,all_to_all
V1,,1,0,1.806889,acquisition,4.465237,0,1,virtual,3e-06,all_to_all
P0,,0,0,1.68112,acquisition,3.845354,,0,pi,3e-06,all_to_all
V0,,2,1,2.347068,acquisition,2.038924,0,1,virtual,0.412882,all_to_all
V1,,1,0,1.822683,acquisition,6.05291,0,2,virtual,0.412882,all_to_all
P0,,1,1,1.68112,acquisition,1.923318,,0,pi,0.412882,all_to_all
V0,,2,0,2.341992,acquisition,3.867094,1,3,virtual,0.615508,all_to_all
V1,,2,1,1.843648,acquisition,1.394695,1,3,virtual,0.615508,all_to_all
P0,,1,0,1.68112,acquisition,4.063619,,0,pi,0.615508,all_to_all
V0,,3,1,2.320569,acquisition,0.239459,1,3,virtual,0.815569,all_to_all
V1,,2,0,1.871892,acquisition,3.863123,1,3,virtual,0.815569,all_to_all
P0,,1,0,1.68112,acquisition,6.201145,,0,pi,0.815569,all_to_all
V0,,3,1,2.294648,acquisition,3.023973,2,4,virtual,1.016386,all_to_all
V1,,3,1,1.899528,acquisition,0.092739,2,5,virtual,1.016386,all_to_all
P0,,2,0,1.68112,acquisition,2.086377,,0,pi,1.016386,all_to_all
V0,,3,0,2.270722,acquisition,5.858139,2,5,virtual,1.216409,all_to_all
V1,,3,1,1.936656,acquisition,2.701348,2,5,virtual,1.216409,all_to_all
P0,,2,0,1.698096,acquisition,4.195569,,0,pi,1.216409,all_to_all
V0,,4,1,2.243971,acquisition,3.384526,2,5,virtual,1.416561,all_to_all
V1,,3,0,1.98848,acquisition,6.079155,2,6,virtual,1.416561,all_to_all
P0,,3,1,1.746817,acquisition,0.014067,,0,pi,1.416561,all_to_all
V0,,4,0,2.227963,acquisition,5.341028,3,7,virtual,1.616565,all_to_all
V1,,4,1,2.008187,acquisition,1.413977,3,7,virtual,1.616565,all_to_all
P0,,3,0,1.79063,acquisition,2.239096,,0,pi,1.616565,all_to_all
V0,,5,1,2.200859,acquisition,2.04365,3,7,virtual,1.816795,all_to_all
V1,,4,0,2.028002,acquisition,3.822585,3,8,virtual,1.816795,all_to_all
P0,,3,0,1.871931,acquisition,4.576838,,0,pi,1.816795,all_to_all
V0,,5,0,2.165809,acquisition,5.945867,4,9,virtual,2.091521,all_to_all
V1,,5,1,2.046083,acquisition,0.793662,4,9,virtual,2.091521,all_to_all
P0,,4,0,1.930172,acquisition,1.536351,,0,pi,2.091521,all_to_all
V0,,6,1,2.131026,acquisition,2.928936,4,9,virtual,2.316943,all_to_all
V1,,5,0,2.053162,acquisition,3.675812,4,10,virtual,2.316943,all_to_all
P0,,4,0,1.977191,acquisition,4.055183,,0,pi,2.316943,all_to_all
V0,,7,1,2.093303,acquisition,0.22167,5,11,virtual,2.517379,all_to_all
V1,,6,1,2.057359,acquisition,0.717701,5,11,virtual,2.517379,all_to_all
P0,,5,1,1.997442,acquisition,0.01831,,0,pi,2.517379,all_to_all
V0,,7,1,2.074023,acquisition,2.400644,5,11,virtual,2.750504,all_to_all
V1,,6,1,2.059249,acquisition,2.803512,5,12,virtual,2.750504,all_to_all
P0,,5,0,2.010449,acquisition,2.830958,,1,pi,2.750504,all_to_all
V0,,7,0,2.057609,acquisition,4.545936,5,11,virtual,2.950911,all_to_all
V1,,6,0,2.060849,acquisition,4.892972,5,12,virtual,2.950911,all_to_all
P0,,5,0,2.028345,acquisition,5.261734,,0,pi,2.950911,all_to_all
V0,,8,1,2.040564,acquisition,0.797574,6,13,virtual,3.156452,all_to_all
V1,,7,1,2.062346,acquisition,1.123867,6,14,virtual,3.156452,all_to_all
P0,,6,0,2.042368,acquisition,1.541614,,0,pi,3.156452,all_to_all
V0,,8,0,2.023549,acquisition,3.717259,6,13,virtual,3.384496,all_to_all
V1,,7,0,2.060521,acquisition,4.034041,6,14,virtual,3.384496,all_to_all
P0,,6,0,2.05647,acquisition,4.31997,,0,pi,3.384496,all_to_all
V0,,9,1,2.00716,acquisition,0.726851,7,15,virtual,3.653107,all_to_all
V1,,8,1,2.056785,acquisition,1.06319,7,16,virtual,3.653107,all_to_all
P0,,7,0,2.062326,acquisition,1.361313,,0,pi,3.653107,all_to_all
V0,,9,0,1.995111,acquisition,3.600007,7,15,virtual,3.884931,all_to_all
V1,,8,0,2.053507,acquisition,3.957676,7,16,virtual,3.884931,all_to_all
P0,,7,0,2.066561,acquisition,4.158954,,0,pi,3.884931,all_to_all
V0,,10,1,1.979609,acquisition,1.801332,8,17,virtual,4.188389,all_to_all
V1,,9,1,2.04662,acquisition,2.216117,8,18,virtual,4.188389,all_to_all
P0,,8,0,2.069489,acquisition,1.59202,,1,pi,4.188389,all_to_all
V0,,10,0,1.972556,acquisition,4.23447,8,17,virtual,4.418551,all_to_all
V1,,9,0,2.037721,acquisition,4.666685,8,18,virtual,4.418551,all_to_all
P0,,8,0,2.066297,acquisition,4.460231,,0,pi,4.418551,all_to_all
V0,,11,1,1.964501,acquisition,1.182803,9,19,virtual,4.686267,all_to_all
V1,,10,1,2.025064,acquisition,1.625739,9,20,virtual,4.686267,all_to_all
P0,,9,0,2.059379,acquisition,1.538848,,0,pi,4.686267,all_to_all
V0,,11,0,1.959395,acquisition,3.616278,9,19,virtual,4.918867,all_to_all
V1,,10,0,2.014033,acquisition,4.038818,9,20,virtual,4.918867,all_to_all
P0,,9,0,2.04738,acquisition,4.365718,,0,pi,4.918867,all_to_all
V0,,12,1,1.953713,acquisition,0.572181,10,21,virtual,5.191469,all_to_all
V1,,11,1,1.999992,acquisition,0.949542,10,22,virtual,5.191469,all_to_all
P0,,10,0,2.030779,acquisition,1.332774,,0,pi,5.191469,all_to_all
V0,,12,0,1.952023,acquisition,3.406258,10,21,virtual,5.419145,all_to_all
V1,,11,0,1.991738,acquisition,3.754363,10,22,virtual,5.419145,all_to_all
P0,,10,0,2.013398,acquisition,3.953661,,0,pi,5.419145,all_to_all
V0,,13,1,1.951848,acquisition,0.365294,10,22,virtual,5.619207,all_to_all
V1,,12,1,1.985123,acquisition,0.682783,10,22,virtual,5.619207,all_to_all
P0,,11,1,2.001458,acquisition,6.273302,,0,pi,5.619207,all_to_all
V0,,13,1,1.952025,acquisition,1.976858,12,24,virtual,5.820941,all_to_all
V1,,12,1,1.982486,acquisition,2.279038,12,25,virtual,5.820941,all_to_all
P0,,12,0,1.997692,acquisition,2.461355,,2,pi,5.820941,all_to_all
V0,,13,0,1.954921,acquisition,4.744496,12,24,virtual,6.052832,all_to_all
V1,,12,0,1.981026,acquisition,5.016298,12,25,virtual,6.052832,all_to_all
P0,,12,0,1.982219,acquisition,5.151606,,0,pi,6.052832,all_to_all
V0,,14,1,1.957871,acquisition,0.825005,13,26,virtual,6.263922,all_to_all
V1,,13,1,1.981098,acquisition,1.071462,13,27,virtual,6.263922,all_to_all
P0,,13,0,1.973329,acquisition,1.376531,,0,pi,6.263922,all_to_all
V0,,14,0,1.958591,acquisition,3.617839,13,26,virtual,6.486337,all_to_all
V1,,13,0,1.981595,acquisition,3.856074,13,27,virtual,6.486337,all_to_all
P0,,13,0,1.961927,acquisition,3.908689,,0,pi,6.486337,all_to_all
V0,,14,0,1.958322,acquisition,6.028219,13,26,virtual,6.686585,all_to_all
V1,,13,0,1.98208,acquisition,6.271059,13,27,virtual,6.686585,all_to_all
P0,,13,0,1.955881,acquisition,6.18207,,0,pi,6.686585,all_to_all
V0,,15,1,1.956543,acquisition,2.152233,14,28,virtual,6.886598,all_to_all
V1,,14,1,1.981109,acquisition,2.401436,14,29,virtual,6.886598,all_to_all
P0,,14,0,1.952474,acquisition,2.232507,,0,pi,6.886598,all_to_all
V0,,15,0,1.953304,acquisition,4.544802,14,28,virtual,7.086842,all_to_all
V1,,14,0,1.978542,acquisition,4.799798,14,29,virtual,7.086842,all_to_all
P0,,14,0,1.947019,acquisition,4.506427,,0,pi,7.086842,all_to_all
V0,,16,1,1.949304,acquisition,1.048748,15,30,virtual,7.355358,all_to_all
V1,,15,1,1.974882,acquisition,1.308737,15,31,virtual,7.355358,all_to_all
P0,,15,0,1.941827,acquisition,1.335154,,0,pi,7.355358,all_to_all
V0,,16,0,1.943025,acquisition,3.834494,15,30,virtual,7.587294,all_to_all
V1,,15,0,1.96635,acquisition,4.07577,15,31,virtual,7.587294,all_to_all
P0,,15,0,1.933358,acquisition,3.94603,,0,pi,7.587294,all_to_all
V0,,17,1,1.93442,acquisition,1.113913,15,31,virtual,7.820377,all_to_all
V1,,16,1,1.953979,acquisition,1.31886,15,32,virtual,7.820377,all_to_all
P0,,16,1,1.92283,acquisition,0.254999,,0,pi,7.820377,all_to_all
V0,,17,1,1.928744,acquisition,3.074785,16,32,virtual,8.02095,all_to_all
V1,,16,0,1.946338,acquisition,3.25813,16,33,virtual,8.02095,all_to_all
P0,,16,0,1.91752,acquisition,2.546844,,0,pi,8.02095,all_to_all
V0,,17,0,1.921263,acquisition,5.406487,16,32,virtual,8.254227,all_to_all
V1,,16,0,1.936724,acquisition,5.564243,16,33,virtual,8.254227,all_to_all
P0,,16,0,1.911443,acquisition,5.169546,,0,pi,8.254227,all_to_all
V0,,18,1,1.910941,acquisition,2.599033,18,35,virtual,8.46476,all_to_all
V1,,17,1,1.923641,acquisition,2.718804,18,36,virtual,8.46476,all_to_all
P0,,18,1,1.908097,acquisition,1.297526,,0,pi,8.46476,all_to_all
V0,,18,0,1.906891,acquisition,4.118172,18,35,virtual,8.687953,all_to_all
V1,,17,0,1.91851,acquisition,4.22191,18,36,virtual,8.687953,all_to_all
P0,,18,0,1.903254,acquisition,3.860914,,0,pi,8.687953,all_to_all
V0,,19,1,1.89816,acquisition,1.584251,18,36,virtual,8.921227,all_to_all
V1,,18,1,1.907464,acquisition,1.656472,18,37,virtual,8.921227,all_to_all
P0,,19,1,1.892491,acquisition,0.173238,,0,pi,8.921227,all_to_all
V0,,19,1,1.895893,acquisition,2.706783,19,37,virtual,9.121674,all_to_all
V1,,18,1,1.904608,acquisition,2.776602,19,38,virtual,9.121674,all_to_all
P0,,19,0,1.889062,acquisition,2.501042,,0,pi,9.121674,all_to_all
V0,,19,0,1.891153,acquisition,5.338718,19,37,virtual,9.354955,all_to_all
V1,,18,0,1.898646,acquisition,5.407344,19,38,virtual,9.354955,all_to_all
P0,,19,0,1.884958,acquisition,5.209553,,0,pi,9.354955,all_to_all
V0,,20,1,1.887741,acquisition,1.31623,20,39,virtual,9.560318,all_to_all
V1,,19,1,1.894338,acquisition,1.384706,20,40,virtual,9.560318,all_to_all
P0,,20,0,1.883658,acquisition,1.342457,,2,pi,9.560318,all_to_all
V0,,20,0,1.886686,acquisition,3.97054,20,39,virtual,9.7886,all_to_all
V1,,19,0,1.892402,acquisition,4.038158,20,40,virtual,9.7886,all_to_all
P0,,20,0,1.882043,acquisition,4.025053,,0,pi,9.7886,all_to_all
V0,,21,1,1.887171,acquisition,1.126654,21,41,virtual,10.097875,all_to_all
V1,,20,1,1.891942,acquisition,1.189271,21,42,virtual,10.097875,all_to_all
P0,,21,0,1.880791,acquisition,1.383188,,2,pi,10.097875,all_to_all
V0,,21,0,1.887783,acquisition,3.816156,21,41,virtual,10.322494,all_to_all
V1,,20,0,1.891899,acquisition,3.857037,21,42,virtual,10.322494,all_to_all
P0,,21,0,1.879159,acquisition,4.022182,,0,pi,10.322494,all_to_all
V0,,22,1,1.888328,acquisition,0.616785,21,42,virtual,10.526847,all_to_all
V1,,21,1,1.891906,acquisition,0.62893,21,43,virtual,10.526847,all_to_all
P0,,22,1,1.877938,acquisition,0.140505,,0,pi,10.526847,all_to_all
V0,,22,1,1.88711,acquisition,2.537948,22,43,virtual,10.756166,all_to_all
V1,,21,1,1.891915,acquisition,2.545052,22,44,virtual,10.756166,all_to_all
P0,,22,0,1.877014,acquisition,2.835986,,0,pi,10.756166,all_to_all
V0,,22,0,1.884741,acquisition,4.83615,22,43,virtual,10.956302,all_to_all
V1,,21,0,1.891926,acquisition,4.850215,22,44,virtual,10.956302,all_to_all
P0,,22,0,1.87575,acquisition,5.178843,,0,pi,10.956302,all_to_all
V0,,23,1,1.882287,acquisition,0.849821,23,45,virtual,11.1596,all_to_all
V1,,22,1,1.891936,acquisition,0.878524,23,46,virtual,11.1596,all_to_all
P0,,23,0,1.874989,acquisition,1.279755,,0,pi,11.1596,all_to_all
V0,,23,0,1.879671,acquisition,3.536938,23,45,virtual,11.389683,all_to_all
V1,,22,0,1.891947,acquisition,3.582486,23,46,virtual,11.389683,all_to_all
P0,,23,0,1.872471,acquisition,3.882352,,0,pi,11.389683,all_to_all
V0,,24,1,1.876812,acquisition,0.712618,23,46,virtual,11.622688,all_to_all
V1,,23,1,1.891848,acquisition,0.783849,23,47,virtual,11.622688,all_to_all
P0,,24,1,1.869397,acquisition,0.183756,,0,pi,11.622688,all_to_all
V0,,24,1,1.8748,acquisition,2.247678,24,47,virtual,11.823149,all_to_all
V1,,23,1,1.889754,acquisition,2.320026,24,48,virtual,11.823149,all_to_all
P0,,24,0,1.868153,acquisition,2.478781,,1,pi,11.823149,all_to_all
V0,,24,0,1.870729,acquisition,4.538805,24,47,virtual,12.023329,all_to_all
V1,,23,0,1.884461,acquisition,4.602686,24,48,virtual,12.023329,all_to_all
P0,,24,0,1.865896,acquisition,4.702484,,0,pi,12.023329,all_to_all
V0,,25,1,1.865272,acquisition,1.296197,25,49,virtual,12.305997,all_to_all
V1,,24,1,1.876961,acquisition,1.346188,25,50,virtual,12.305997,all_to_all
P0,,25,0,1.863918,acquisition,1.609242,,0,pi,12.305997,all_to_all
V0,,25,0,1.860985,acquisition,3.933336,25,49,virtual,12.523783,all_to_all
V1,,24,0,1.871025,acquisition,3.985588,25,50,virtual,12.523783,all_to_all
P0,,25,0,1.860748,acquisition,3.960525,,0,pi,12.523783,all_to_all
V0,,26,1,1.856281,acquisition,1.027375,25,50,virtual,12.757354,all_to_all
V1,,25,1,1.864511,acquisition,1.085464,25,51,virtual,12.757354,all_to_all
P0,,26,1,1.856345,acquisition,0.155091,,0,pi,12.757354,all_to_all
V0,,26,1,1.853544,acquisition,2.520376,26,51,virtual,12.957651,all_to_all
V1,,25,1,1.861075,acquisition,2.580265,26,52,virtual,12.957651,all_to_all
P0,,26,0,1.853734,acquisition,2.350953,,0,pi,12.957651,all_to_all
V0,,26,0,1.847655,acquisition,5.119229,26,51,virtual,13.190812,all_to_all
V1,,25,0,1.854102,acquisition,5.180778,26,52,virtual,13.190812,all_to_all
P0,,26,0,1.849236,acquisition,4.868425,,0,pi,13.190812,all_to_all
V0,,27,1,1.842734,acquisition,1.060126,27,53,virtual,13.434516,all_to_all
V1,,26,1,1.848375,acquisition,1.118274,27,54,virtual,13.434516,all_to_all
P0,,27,0,1.845548,acquisition,1.263538,,0,pi,13.434516,all_to_all
V0,,27,0,1.836915,acquisition,4.048251,27,53,virtual,13.657954,all_to_all
V1,,26,0,1.84162,acquisition,4.082802,27,54,virtual,13.657954,all_to_all
P0,,27,0,1.840858,acquisition,3.665523,,0,pi,13.657954,all_to_all
V0,,27,0,1.833737,acquisition,5.918389,27,53,virtual,13.858466,all_to_all
V1,,26,0,1.837932,acquisition,5.935712,27,54,virtual,13.858466,all_to_all
P0,,27,0,1.83733,acquisition,5.842724,,0,pi,13.858466,all_to_all
V0,,28,1,1.828974,acquisition,2.246202,28,55,virtual,14.091476,all_to_all
V1,,27,1,1.832549,acquisition,2.251613,28,56,virtual,14.091476,all_to_all
P0,,28,0,1.834776,acquisition,2.173736,,0,pi,14.091476,all_to_all
V0,,28,0,1.823659,acquisition,4.472095,28,55,virtual,14.291597,all_to_all
V1,,27,0,1.826778,acquisition,4.477637,28,56,virtual,14.291597,all_to_all
P0,,28,0,1.832159,acquisition,4.452702,,0,pi,14.291597,all_to_all
V0,,29,1,1.816293,acquisition,1.142374,29,57,virtual,14.56545,all_to_all
V1,,28,1,1.818896,acquisition,1.150641,29,58,virtual,14.56545,all_to_all
P0,,29,0,1.829853,acquisition,1.31282,,2,pi,14.56545,all_to_all
V0,,29,0,1.808328,acquisition,3.712937,29,57,virtual,14.791843,all_to_all
V1,,28,0,1.810567,acquisition,3.723401,29,58,virtual,14.791843,all_to_all
P0,,29,0,1.826527,acquisition,3.901777,,0,pi,14.791843,all_to_all
V0,,29,0,1.801756,acquisition,5.90545,29,57,virtual,14.991885,all_to_all
V1,,28,0,1.803729,acquisition,5.917302,29,58,virtual,14.991885,all_to_all
P0,,29,0,1.823631,acquisition,6.181578,,0,pi,14.991885,all_to_all
V0,,30,1,1.794923,acquisition,2.165318,30,60,virtual,15.225666,all_to_all
V1,,30,1,1.796617,acquisition,2.177473,30,60,virtual,15.225666,all_to_all
P0,,30,0,1.821151,acquisition,2.543444,,0,pi,15.225666,all_to_all
V0,,30,0,1.78902,acquisition,4.693389,30,60,virtual,15.458223,all_to_all
V1,,30,0,1.790458,acquisition,4.705877,30,60,virtual,15.458223,all_to_all
P0,,30,0,1.816919,acquisition,5.049767,,0,pi,15.458223,all_to_all
V0,,31,1,1.783954,acquisition,0.931935,31,62,virtual,15.70196,all_to_all
V1,,31,1,1.785167,acquisition,0.944506,31,62,virtual,15.70196,all_to_all
P0,,31,0,1.813226,acquisition,1.388278,,0,pi,15.70196,all_to_all
V0,,31,0,1.779625,acquisition,3.458395,31,62,virtual,15.926163,all_to_all
V1,,31,0,1.780639,acquisition,3.470771,31,62,virtual,15.926163,all_to_all
P0,,31,0,1.810946,acquisition,3.738111,,0,pi,15.926163,all_to_all
V0,,31,0,1.775924,acquisition,5.985457,31,62,virtual,16.159117,all_to_all
V1,,31,0,1.776765,acquisition,5.997378,31,62,virtual,16.159117,all_to_all
P0,,31,0,1.810629,acquisition,6.217194,,0,pi,16.159117,all_to_all
V0,,32,1,1.77317,acquisition,1.86668,32,64,virtual,16.359455,all_to_all
V1,,32,1,1.773889,acquisition,1.87808,32,64,virtual,16.359455,all_to_all
P0,,32,0,1.81055,acquisition,2.144799,,2,pi,16.359455,all_to_all
V0,,32,0,1.770742,acquisition,4.0239,32,64,virtual,16.559715,all_to_all
V1,,32,0,1.771362,acquisition,4.034725,32,64,virtual,16.559715,all_to_all
P0,,32,0,1.808704,acquisition,4.249176,,0,pi,16.559715,all_to_all
V0,,33,1,1.767962,acquisition,0.613443,32,65,virtual,16.759773,all_to_all
V1,,33,1,1.76847,acquisition,0.623435,32,65,virtual,16.759773,all_to_all
P0,,33,1,1.806099,acquisition,0.05612,,0,pi,16.759773,all_to_all
V0,,33,1,1.766736,acquisition,2.046363,33,66,virtual,16.960119,all_to_all
V1,,33,1,1.767175,acquisition,2.055909,33,66,virtual,16.960119,all_to_all
P0,,33,0,1.804788,acquisition,2.269857,,0,pi,16.960119,all_to_all
V0,,33,0,1.765077,acquisition,4.194364,33,66,virtual,17.160221,all_to_all
V1,,33,0,1.765403,acquisition,4.203147,33,66,virtual,17.160221,all_to_all
P0,,33,0,1.802318,acquisition,4.490081,,0,pi,17.160221,all_to_all
V0,,34,1,1.762963,acquisition,1.136945,34,68,virtual,17.451163,all_to_all
V1,,34,1,1.763132,acquisition,1.144403,34,68,virtual,17.451163,all_to_all
P0,,34,0,1.799991,acquisition,1.485928,,2,pi,17.451163,all_to_all
V0,,34,0,1.761435,acquisition,4.018722,34,68,virtual,17.660426,all_to_all
V1,,34,0,1.761485,acquisition,4.025024,34,68,virtual,17.660426,all_to_all
P0,,34,0,1.795971,acquisition,3.837271,,0,pi,17.660426,all_to_all
V0,,34,0,1.760463,acquisition,6.183964,34,68,virtual,17.860634,all_to_all
V1,,34,0,1.760435,acquisition,6.189344,34,68,virtual,17.860634,all_to_all
P0,,34,0,1.793669,acquisition,6.086863,,0,pi,17.860634,all_to_all
V0,,35,1,1.759872,acquisition,1.342356,34,69,virtual,18.10198,all_to_all
V1,,35,1,1.759287,acquisition,1.346874,34,69,virtual,18.10198,all_to_all
P0,,35,0,1.791855,acquisition,2.511431,,2,pi,18.10198,all_to_all
V0,,35,0,1.758764,acquisition,4.171274,35,70,virtual,18.327645,all_to_all
V1,,35,0,1.755156,acquisition,4.168507,35,70,virtual,18.327645,all_to_all
P0,,35,0,1.780665,acquisition,4.916811,,0,pi,18.327645,all_to_all
V0,,36,1,1.75803,acquisition,6.279829,36,71,virtual,18.574275,all_to_all
V1,,35,0,1.751921,acquisition,6.264955,36,71,virtual,18.574275,all_to_all
P0,,36,0,1.771554,acquisition,1.261625,,0,pi,18.574275,all_to_all
V0,,37,1,1.755778,acquisition,2.516341,36,72,virtual,18.794568,all_to_all
V1,,36,1,1.750392,acquisition,2.491817,36,73,virtual,18.794568,all_to_all
P0,,36,0,1.762756,acquisition,3.504423,,0,pi,18.794568,all_to_all
V0,,37,0,1.752259,acquisition,5.054576,36,72,virtual,19.02769,all_to_all
V1,,36,0,1.750335,acquisition,5.031459,36,73,virtual,19.02769,all_to_all
P0,,36,0,1.758305,acquisition,5.834355,,0,pi,19.02769,all_to_all
V0,,38,1,1.748793,acquisition,0.94307,37,74,virtual,19.227905,all_to_all
V1,,37,1,1.750025,acquisition,0.92863,37,75,virtual,19.227905,all_to_all
P0,,37,0,1.756459,acquisition,1.622637,,0,pi,19.227905,all_to_all
V0,,38,0,1.743942,acquisition,3.107114,37,74,virtual,19.428352,all_to_all
V1,,37,0,1.748099,acquisition,3.101898,37,75,virtual,19.428352,all_to_all
P0,,37,0,1.750961,acquisition,3.633251,,0,pi,19.428352,all_to_all
V0,,38,0,1.738264,acquisition,5.619271,37,74,virtual,19.661778,all_to_all
V1,,37,0,1.745437,acquisition,5.629543,37,75,virtual,19.661778,all_to_all
P0,,37,0,1.742629,acquisition,5.980282,,0,pi,19.661778,all_to_all
V0,,39,1,1.733867,acquisition,1.478953,38,76,virtual,19.862004,all_to_all
V1,,38,1,1.743289,acquisition,1.504646,38,77,virtual,19.862004,all_to_all
P0,,38,0,1.740618,acquisition,1.799284,,0,pi,19.862004,all_to_all
V0,,39,0,1.729975,acquisition,3.607944,38,76,virtual,20.062174,all_to_all
V1,,38,0,1.741365,acquisition,3.647937,38,77,virtual,20.062174,all_to_all
P0,,38,0,1.745128,acquisition,3.945716,,0,pi,20.062174,all_to_all
V0,,40,1,1.725007,acquisition,0.503405,38,77,virtual,20.295446,all_to_all
V1,,39,1,1.738897,acquisition,0.5697,38,78,virtual,20.295446,all_to_all
P0,,39,1,1.752114,acquisition,0.223911,,0,pi,20.295446,all_to_all
V0,,40,1,1.72232,acquisition,1.909627,39,78,virtual,20.495725,all_to_all
V1,,39,1,1.737158,acquisition,1.986214,39,79,virtual,20.495725,all_to_all
P0,,39,0,1.755183,acquisition,2.419978,,0,pi,20.495725,all_to_all
V0,,40,0,1.717566,acquisition,4.009928,39,78,virtual,20.700402,all_to_all
V1,,39,0,1.733664,acquisition,4.101245,39,79,virtual,20.700402,all_to_all
P0,,39,0,1.7512,acquisition,4.56612,,0,pi,20.700402,all_to_all
V0,,41,1,1.709569,acquisition,1.213326,40,80,virtual,20.965412,all_to_all
V1,,40,1,1.727912,acquisition,1.332226,40,81,virtual,20.965412,all_to_all
P0,,41,1,1.743987,acquisition,1.039845,,0,pi,20.965412,all_to_all
V0,,41,0,1.705704,acquisition,2.936821,41,81,virtual,21.196166,all_to_all
V1,,40,0,1.72645,acquisition,3.069132,41,82,virtual,21.196166,all_to_all
P0,,41,0,1.733329,acquisition,3.380412,,0,pi,21.196166,all_to_all
V0,,41,0,1.702068,acquisition,4.982686,41,81,virtual,21.3963,all_to_all
V1,,40,0,1.72597,acquisition,5.136664,41,82,virtual,21.3963,all_to_all
P0,,41,0,1.716365,acquisition,5.298869,,0,pi,21.3963,all_to_all
V0,,42,1,1.698169,acquisition,1.42761,42,83,virtual,21.599699,all_to_all
V1,,41,1,1.725156,acquisition,1.615902,42,84,virtual,21.599699,all_to_all
P0,,43,1,1.704999,acquisition,1.030189,,0,pi,21.599699,all_to_all
V0,,42,0,1.698514,acquisition,3.132359,43,84,virtual,21.830098,all_to_all
V1,,41,0,1.725774,acquisition,3.335318,43,85,virtual,21.830098,all_to_all
P0,,43,0,1.693409,acquisition,3.328654,,0,pi,21.830098,all_to_all
V0,,42,0,1.702442,acquisition,5.856738,43,84,virtual,22.06305,all_to_all
V1,,41,0,1.729361,acquisition,6.080599,43,85,virtual,22.06305,all_to_all
P0,,43,0,1.681049,acquisition,5.634289,,0,pi,22.06305,all_to_all
V0,,43,1,1.706347,acquisition,1.637031,44,86,virtual,22.29678,all_to_all
V1,,42,1,1.73212,acquisition,1.867208,44,87,virtual,22.29678,all_to_all
P0,,44,0,1.676649,acquisition,1.754364,,2,pi,22.29678,all_to_all
V0,,43,0,1.711867,acquisition,3.731353,44,86,virtual,22.496993,all_to_all
V1,,42,0,1.735117,acquisition,3.949717,44,87,virtual,22.496993,all_to_all
P0,,44,0,1.670351,acquisition,3.717655,,0,pi,22.496993,all_to_all
V0,,43,0,1.718338,acquisition,6.202414,44,86,virtual,22.730348,all_to_all
V1,,43,1,1.73846,acquisition,0.115806,44,87,virtual,22.730348,all_to_all
P0,,44,0,1.665791,acquisition,6.020506,,0,pi,22.730348,all_to_all
V0,,44,1,1.723309,acquisition,2.047103,45,88,virtual,22.930369,all_to_all
V1,,43,1,1.74097,acquisition,2.221863,45,89,virtual,22.930369,all_to_all
P0,,45,0,1.663254,acquisition,1.746635,,1,pi,22.930369,all_to_all
V0,,44,0,1.727682,acquisition,4.154951,45,88,virtual,23.130727,all_to_all
V1,,43,0,1.743131,acquisition,4.307759,45,89,virtual,23.130727,all_to_all
P0,,45,0,1.659979,acquisition,3.738265,,0,pi,23.130727,all_to_all
V0,,44,0,1.731515,acquisition,6.265772,45,88,virtual,23.331637,all_to_all
V1,,44,1,1.745011,acquisition,0.113517,45,89,virtual,23.331637,all_to_all
P0,,45,0,1.657174,acquisition,5.745646,,0,pi,23.331637,all_to_all
V0,,45,1,1.735368,acquisition,2.451809,46,90,virtual,23.564379,all_to_all
V1,,44,1,1.746883,acquisition,2.556901,46,91,virtual,23.564379,all_to_all
P0,,46,0,1.655049,acquisition,1.844221,,0,pi,23.564379,all_to_all
V0,,45,0,1.737767,acquisition,4.209063,46,90,virtual,23.764545,all_to_all
V1,,44,0,1.748035,acquisition,4.296708,46,91,virtual,23.764545,all_to_all
P0,,46,0,1.651608,acquisition,3.901877,,0,pi,23.764545,all_to_all
V0,,46,1,1.740312,acquisition,0.040177,46,90,virtual,23.964599,all_to_all
V1,,45,1,1.749252,acquisition,0.107716,46,91,virtual,23.964599,all_to_all
P0,,46,0,1.647386,acquisition,5.961346,,0,pi,23.964599,all_to_all
V0,,46,1,1.741365,acquisition,2.160042,47,92,virtual,24.16472,all_to_all
V1,,45,1,1.749158,acquisition,2.218784,47,93,virtual,24.16472,all_to_all
P0,,47,0,1.644749,acquisition,1.728977,,0,pi,24.16472,all_to_all
V0,,46,0,1.738478,acquisition,4.261998,47,92,virtual,24.364814,all_to_all
V1,,45,0,1.745277,acquisition,4.31947,47,93,virtual,24.364814,all_to_all
P0,,47,0,1.641186,acquisition,3.702115,,0,pi,24.364814,all_to_all
V0,,47,1,1.733919,acquisition,0.420797,47,93,virtual,24.597912,all_to_all
V1,,46,1,1.73972,acquisition,0.478269,47,94,virtual,24.597912,all_to_all
P0,,47,0,1.637578,acquisition,5.969595,,0,pi,24.597912,all_to_all
V0,,47,1,1.729136,acquisition,2.507046,48,94,virtual,24.79862,all_to_all
V1,,46,1,1.734217,acquisition,2.564114,48,95,virtual,24.79862,all_to_all
P0,,48,0,1.636268,acquisition,1.692368,,0,pi,24.79862,all_to_all
V0,,47,0,1.721505,acquisition,4.566222,48,94,virtual,24.998655,all_to_all
V1,,46,0,1.725966,acquisition,4.622273,48,95,virtual,24.998655,all_to_all
P0,,48,0,1.635955,acquisition,3.713719,,0,pi,24.998655,all_to_all
V0,,49,1,1.713587,acquisition,0.326322,48,95,virtual,25.198677,all_to_all
V1,,47,1,1.717507,acquisition,0.380808,48,96,virtual,25.198677,all_to_all
P0,,48,0,1.636291,acquisition,5.758199,,0,pi,25.198677,all_to_all
V0,,49,1,1.706037,acquisition,2.362192,49,96,virtual,25.398943,all_to_all
V1,,47,1,1.709509,acquisition,2.404359,49,98,virtual,25.398943,all_to_all
P0,,49,0,1.636363,acquisition,1.529133,,0,pi,25.398943,all_to_all
V0,,49,0,1.696392,acquisition,4.718221,49,96,virtual,25.632043,all_to_all
V1,,47,0,1.699436,acquisition,4.738085,49,98,virtual,25.632043,all_to_all
P0,,49,0,1.634819,acquisition,3.905947,,0,pi,25.632043,all_to_all
V0,,50,1,1.688559,acquisition,0.441946,49,97,virtual,25.832173,all_to_all
V1,,48,1,1.691292,acquisition,0.443315,49,99,virtual,25.832173,all_to_all
P0,,49,0,1.633357,acquisition,5.944214,,0,pi,25.832173,all_to_all
V0,,50,1,1.681511,acquisition,2.436536,50,98,virtual,26.032749,all_to_all
V1,,48,1,1.683991,acquisition,2.432386,50,100,virtual,26.032749,all_to_all
P0,,50,0,1.632199,acquisition,1.705381,,0,pi,26.032749,all_to_all
V0,,50,0,1.674306,acquisition,4.764416,50,98,virtual,26.266031,all_to_all
V1,,48,0,1.676542,acquisition,4.76175,50,100,virtual,26.266031,all_to_all
P0,,50,0,1.630332,acquisition,4.074021,,0,pi,26.266031,all_to_all
V0,,51,1,1.66894,acquisition,0.474654,50,99,virtual,26.466079,all_to_all
V1,,49,1,1.670998,acquisition,0.4747,50,101,virtual,26.466079,all_to_all
P0,,50,0,1.628923,acquisition,6.103936,,0,pi,26.466079,all_to_all
V0,,51,1,1.664239,acquisition,2.45815,51,100,virtual,26.666531,all_to_all
V1,,49,1,1.666141,acquisition,2.460708,51,102,virtual,26.666531,all_to_all
P0,,51,0,1.628589,acquisition,1.870997,,0,pi,26.666531,all_to_all
V0,,51,0,1.660123,acquisition,4.435659,51,100,virtual,26.866661,all_to_all
V1,,49,0,1.661889,acquisition,4.440371,51,102,virtual,26.866661,all_to_all
P0,,51,0,1.628892,acquisition,3.93324,,0,pi,26.866661,all_to_all
V0,,52,1,1.654434,acquisition,1.117205,52,102,virtual,27.099966,all_to_all
V1,,50,1,1.656471,acquisition,1.124756,52,104,virtual,27.099966,all_to_all
P0,,52,1,1.629576,acquisition,0.061383,,0,pi,27.099966,all_to_all
V0,,52,1,1.651232,acquisition,2.441594,52,102,virtual,27.300263,all_to_all
V1,,50,1,1.654358,acquisition,2.451618,52,104,virtual,27.300263,all_to_all
P0,,52,0,1.629382,acquisition,2.11771,,0,pi,27.300263,all_to_all
V0,,52,0,1.646358,acquisition,4.434085,52,102,virtual,27.500287,all_to_all
V1,,50,0,1.651504,acquisition,4.451597,52,104,virtual,27.500287,all_to_all
P0,,52,0,1.628263,acquisition,4.16079,,0,pi,27.500287,all_to_all
V0,,53,1,1.638362,acquisition,1.466514,53,104,virtual,27.733475,all_to_all
V1,,51,1,1.6467,acquisition,1.50401,53,106,virtual,27.733475,all_to_all
P0,,53,1,1.6267,acquisition,0.250661,,0,pi,27.733475,all_to_all
V0,,53,0,1.633772,acquisition,2.778632,53,104,virtual,27.934199,all_to_all
V1,,51,0,1.643172,acquisition,2.823148,53,106,virtual,27.934199,all_to_all
P0,,53,0,1.626053,acquisition,2.29304,,0,pi,27.934199,all_to_all
V0,,53,0,1.626346,acquisition,4.730459,53,104,virtual,28.167264,all_to_all
V1,,51,0,1.63715,acquisition,4.786853,53,106,virtual,28.167264,all_to_all
P0,,53,0,1.625044,acquisition,4.652519,,0,pi,28.167264,all_to_all
V0,,54,1,1.618287,acquisition,0.711342,54,106,virtual,28.436052,all_to_all
V1,,52,1,1.630272,acquisition,0.783931,54,108,virtual,28.436052,all_to_all
P0,,54,0,1.624129,acquisition,1.089352,,0,pi,28.436052,all_to_all
V0,,54,0,1.612903,acquisition,3.0035,54,106,virtual,28.667734,all_to_all
V1,,52,0,1.62414,acquisition,3.085756,54,108,virtual,28.667734,all_to_all
P0,,54,0,1.623523,acquisition,3.35629,,0,pi,28.667734,all_to_all
V0,,54,0,1.609109,acquisition,5.307507,54,106,virtual,28.90096,all_to_all
V1,,52,0,1.619004,acquisition,5.394384,54,108,virtual,28.90096,all_to_all
P0,,54,0,1.623362,acquisition,5.606932,,0,pi,28.90096,all_to_all
V0,,55,1,1.606054,acquisition,1.327073,55,108,virtual,29.105373,all_to_all
V1,,53,1,1.614629,acquisition,1.415447,55,110,virtual,29.105373,all_to_all
P0,,55,0,1.623311,acquisition,1.339961,,2,pi,29.105373,all_to_all
V0,,55,0,1.603777,acquisition,3.288173,55,108,virtual,29.334723,all_to_all
V1,,53,0,1.611338,acquisition,3.376029,55,110,virtual,29.334723,all_to_all
P0,,55,0,1.623004,acquisition,3.618292,,0,pi,29.334723,all_to_all
V0,,55,0,1.601463,acquisition,5.569419,55,108,virtual,29.567977,all_to_all
V1,,53,0,1.607989,acquisition,5.65522,55,110,virtual,29.567977,all_to_all
P0,,55,0,1.62253,acquisition,5.956273,,0,pi,29.567977,all_to_all
V0,,56,1,1.599778,acquisition,1.245069,56,110,virtual,29.768495,all_to_all
V1,,54,1,1.605515,acquisition,1.324176,56,112,virtual,29.768495,all_to_all
P0,,56,0,1.621905,acquisition,1.689747,,0,pi,29.768495,all_to_all
V0,,56,0,1.598192,acquisition,3.545945,56,110,virtual,29.968606,all_to_all
V1,,54,0,1.603077,acquisition,3.603892,56,112,virtual,29.968606,all_to_all
P0,,56,0,1.61952,acquisition,3.650389,,0,pi,29.968606,all_to_all
V0,,56,0,1.597048,acquisition,5.521317,56,110,virtual,30.201868,all_to_all
V1,,54,0,1.601286,acquisition,5.558884,56,112,virtual,30.201868,all_to_all
P0,,56,0,1.615971,acquisition,5.907806,,0,pi,30.201868,all_to_all
V0,,57,1,1.59607,acquisition,1.210502,57,112,virtual,30.401902,all_to_all
V1,,55,1,1.59974,acquisition,1.231886,57,114,virtual,30.401902,all_to_all
P0,,57,0,1.613445,acquisition,1.576022,,2,pi,30.401902,all_to_all
V0,,57,0,1.595263,acquisition,3.173083,57,112,virtual,30.602325,all_to_all
V1,,55,0,1.598447,acquisition,3.190542,57,114,virtual,30.602325,all_to_all
P0,,57,0,1.6069,acquisition,3.467448,,0,pi,30.602325,all_to_all
V0,,57,0,1.594469,acquisition,5.459904,57,112,virtual,30.835573,all_to_all
V1,,55,0,1.597166,acquisition,5.477378,57,114,virtual,30.835573,all_to_all
P0,,57,0,1.598196,acquisition,5.650213,,0,pi,30.835573,all_to_all
V0,,58,1,1.592527,acquisition,1.784317,59,115,virtual,31.110463,all_to_all
V1,,56,1,1.594753,acquisition,1.80256,59,117,virtual,31.110463,all_to_all
P0,,59,0,1.593477,acquisition,2.030647,,2,pi,31.110463,all_to_all
V0,,58,0,1.591082,acquisition,4.011465,59,115,virtual,31.336025,all_to_all
V1,,56,0,1.59296,acquisition,4.030009,59,117,virtual,31.336025,all_to_all
P0,,59,0,1.585998,acquisition,4.133493,,0,pi,31.336025,all_to_all
V0,,58,0,1.590677,acquisition,5.90789,59,115,virtual,31.536041,all_to_all
V1,,56,0,1.592298,acquisition,5.926306,59,117,virtual,31.536041,all_to_all
P0,,59,0,1.580396,acquisition,6.00478,,0,pi,31.536041,all_to_all
V0,,59,1,1.590481,acquisition,1.528318,60,117,virtual,31.736583,all_to_all
V1,,57,1,1.591877,acquisition,1.546323,60,119,virtual,31.736583,all_to_all
P0,,60,0,1.578372,acquisition,1.664209,,0,pi,31.736583,all_to_all
V0,,59,0,1.590338,acquisition,3.453061,60,117,virtual,31.936751,all_to_all
V1,,57,0,1.591541,acquisition,3.470466,60,119,virtual,31.936751,all_to_all
P0,,60,0,1.577457,acquisition,3.605974,,0,pi,31.936751,all_to_all
V0,,59,0,1.590204,acquisition,5.712331,60,117,virtual,32.169867,all_to_all
V1,,57,0,1.591213,acquisition,5.728831,60,119,virtual,32.169867,all_to_all
P0,,60,0,1.578049,acquisition,5.902555,,0,pi,32.169867,all_to_all
V0,,60,1,1.59011,acquisition,1.37191,61,119,virtual,32.370365,all_to_all
V1,,58,1,1.590974,acquisition,1.38752,61,121,virtual,32.370365,all_to_all
P0,,61,0,1.578242,acquisition,1.602783,,0,pi,32.370365,all_to_all
V0,,60,0,1.590023,acquisition,3.631275,61,119,virtual,32.603703,all_to_all
V1,,58,0,1.590742,acquisition,3.645785,61,121,virtual,32.603703,all_to_all
P0,,61,0,1.577096,acquisition,3.896966,,0,pi,32.603703,all_to_all
V0,,60,0,1.589951,acquisition,5.891856,61,119,virtual,32.836992,all_to_all
V1,,58,0,1.590545,acquisition,5.905206,61,121,virtual,32.836992,all_to_all
P0,,61,0,1.575382,acquisition,6.184931,,0,pi,32.836992,all_to_all
V0,,61,1,1.589247,acquisition,1.550857,62,121,virtual,33.037433,all_to_all
V1,,59,1,1.589754,acquisition,1.563211,62,123,virtual,33.037433,all_to_all
P0,,62,0,1.573972,acquisition,1.860006,,0,pi,33.037433,all_to_all
V0,,61,0,1.587024,acquisition,3.819392,62,121,virtual,33.27095,all_to_all
V1,,59,0,1.587453,acquisition,3.830649,62,123,virtual,33.27095,all_to_all
P0,,62,0,1.56856,acquisition,4.036115,,0,pi,33.27095,all_to_all
V0,,61,0,1.584658,acquisition,6.086863,62,121,virtual,33.503977,all_to_all
V1,,59,0,1.585024,acquisition,6.097088,62,123,virtual,33.503977,all_to_all
P0,,62,0,1.562517,acquisition,6.171372,,0,pi,33.503977,all_to_all
V0,,62,1,1.582093,acquisition,1.745032,63,123,virtual,33.7043,all_to_all
V1,,60,1,1.583314,acquisition,1.755167,63,125,virtual,33.7043,all_to_all
P0,,63,0,1.55928,acquisition,1.779668,,0,pi,33.7043,all_to_all
V0,,62,0,1.579076,acquisition,3.355234,63,123,virtual,33.904348,all_to_all
V1,,60,0,1.58181,acquisition,3.36809,63,125,virtual,33.904348,all_to_all
P0,,63,0,1.554853,acquisition,3.672228,,0,pi,33.904348,all_to_all
V0,,62,0,1.575412,acquisition,5.281,63,123,virtual,34.104415,all_to_all
V1,,60,0,1.58009,acquisition,5.301414,63,125,virtual,34.104415,all_to_all
P0,,63,0,1.550946,acquisition,5.578892,,0,pi,34.104415,all_to_all
V0,,63,1,1.572042,acquisition,0.91783,64,125,virtual,34.30989,all_to_all
V1,,61,1,1.578321,acquisition,0.949207,64,127,virtual,34.30989,all_to_all
P0,,64,0,1.54861,acquisition,1.269533,,0,pi,34.30989,all_to_all
V0,,63,0,1.568564,acquisition,3.142073,64,125,virtual,34.538208,all_to_all
V1,,61,0,1.574825,acquisition,3.181087,64,127,virtual,34.538208,all_to_all
P0,,64,0,1.544986,acquisition,3.372705,,0,pi,34.538208,all_to_all
V0,,63,0,1.565562,acquisition,5.359074,64,125,virtual,34.771676,all_to_all
V1,,61,0,1.571139,acquisition,5.401939,64,127,virtual,34.771676,all_to_all
P0,,64,0,1.541882,acquisition,5.420037,,0,pi,34.771676,all_to_all
V0,,64,1,1.563173,acquisition,0.977375,65,127,virtual,34.973613,all_to_all
V1,,62,1,1.568103,acquisition,1.021816,65,129,virtual,34.973613,all_to_all
P0,,65,0,1.540449,acquisition,0.970944,,2,pi,34.973613,all_to_all
V0,,64,0,1.557464,acquisition,3.192895,65,127,virtual,35.205424,all_to_all
V1,,62,0,1.561701,acquisition,3.237804,65,129,virtual,35.205424,all_to_all
P0,,65,0,1.540973,acquisition,3.140026,,0,pi,35.205424,all_to_all
V0,,64,0,1.550902,acquisition,5.396101,65,127,virtual,35.438799,all_to_all
V1,,62,0,1.554533,acquisition,5.440408,65,129,virtual,35.438799,all_to_all
P0,,65,0,1.542568,acquisition,5.397856,,0,pi,35.438799,all_to_all
V0,,65,1,1.545697,acquisition,0.992078,66,129,virtual,35.641146,all_to_all
V1,,63,1,1.548875,acquisition,1.035254,66,131,virtual,35.641146,all_to_all
P0,,66,0,1.543711,acquisition,1.084499,,0,pi,35.641146,all_to_all
V0,,65,0,1.540363,acquisition,3.178625,66,129,virtual,35.872536,all_to_all
V1,,63,0,1.543084,acquisition,3.219974,66,131,virtual,35.872536,all_to_all
P0,,66,0,1.543307,acquisition,3.251503,,0,pi,35.872536,all_to_all
V0,,65,0,1.53639,acquisition,5.048518,66,129,virtual,36.072542,all_to_all
V1,,63,0,1.538771,acquisition,5.088001,66,131,virtual,36.072542,all_to_all
P0,,66,0,1.541408,acquisition,5.061831,,0,pi,36.072542,all_to_all
V0,,66,1,1.530501,acquisition,1.562866,67,131,virtual,36.319532,all_to_all
V1,,64,1,1.532451,acquisition,1.599239,67,133,virtual,36.319532,all_to_all
P0,,68,1,1.539678,acquisition,1.058638,,0,pi,36.319532,all_to_all
V0,,66,0,1.526666,acquisition,3.092367,68,132,virtual,36.539677,all_to_all
V1,,64,0,1.528411,acquisition,3.126926,68,134,virtual,36.539677,all_to_all
P0,,68,0,1.534767,acquisition,3.076876,,0,pi,36.539677,all_to_all
V0,,66,0,1.521589,acquisition,5.205169,68,132,virtual,36.772939,all_to_all
V1,,64,0,1.523082,acquisition,5.237162,68,134,virtual,36.772939,all_to_all
P0,,68,0,1.52617,acquisition,5.190517,,0,pi,36.772939,all_to_all
V0,,67,1,1.51711,acquisition,1.025898,69,134,virtual,37.011494,all_to_all
V1,,65,1,1.518388,acquisition,1.055345,69,136,virtual,37.011494,all_to_all
P0,,69,0,1.518984,acquisition,1.085382,,2,pi,37.011494,all_to_all
V0,,67,0,1.51328,acquisition,3.151542,69,134,virtual,37.240036,all_to_all
V1,,65,0,1.514374,acquisition,3.178514,69,136,virtual,37.240036,all_to_all
P0,,69,0,1.512261,acquisition,3.19857,,0,pi,37.240036,all_to_all
V0,,67,0,1.510454,acquisition,4.983633,69,134,virtual,37.441049,all_to_all
V1,,65,0,1.511411,acquisition,5.008563,69,136,virtual,37.441049,all_to_all
P0,,69,0,1.508243,acquisition,5.084929,,0,pi,37.441049,all_to_all
V0,,68,1,1.507809,acquisition,0.841381,70,136,virtual,37.675961,all_to_all
V1,,66,1,1.508629,acquisition,0.864043,70,138,virtual,37.675961,all_to_all
P0,,70,0,1.506001,acquisition,1.015841,,0,pi,37.675961,all_to_all
V0,,68,0,1.507141,acquisition,2.994182,70,136,virtual,37.907335,all_to_all
V1,,66,0,1.507843,acquisition,3.014712,70,138,virtual,37.907335,all_to_all
P0,,70,0,1.496873,acquisition,3.099513,,0,pi,37.907335,all_to_all
V0,,68,0,1.507205,acquisition,5.155019,70,136,virtual,38.140522,all_to_all
V1,,66,0,1.507806,acquisition,5.173561,70,138,virtual,38.140522,all_to_all
P0,,70,0,1.483045,acquisition,5.09634,,0,pi,38.140522,all_to_all
V0,,69,1,1.507429,acquisition,1.038988,70,137,virtual,38.415115,all_to_all
V1,,67,1,1.507943,acquisition,1.055689,70,139,virtual,38.415115,all_to_all
P0,,71,0,1.471765,acquisition,1.193225,,2,pi,38.415115,all_to_all
V0,,69,0,1.507711,acquisition,3.176671,71,138,virtual,38.640847,all_to_all
V1,,67,0,1.50815,acquisition,3.191676,71,140,virtual,38.640847,all_to_all
P0,,71,0,1.464505,acquisition,3.184225,,0,pi,38.640847,all_to_all
V0,,69,0,1.507942,acquisition,4.994773,71,138,virtual,38.841424,all_to_all
V1,,67,0,1.508327,acquisition,5.008438,71,140,virtual,38.841424,all_to_all
P0,,71,0,1.460961,acquisition,4.994203,,0,pi,38.841424,all_to_all
V0,,70,1,1.507824,acquisition,1.137865,72,140,virtual,39.114598,all_to_all
V1,,68,1,1.508146,acquisition,1.1499,72,142,virtual,39.114598,all_to_all
P0,,72,0,1.458327,acquisition,1.1929,,0,pi,39.114598,all_to_all
V0,,70,0,1.506029,acquisition,3.254834,72,140,virtual,39.341615,all_to_all
V1,,68,0,1.506305,acquisition,3.265581,72,142,virtual,39.341615,all_to_all
P0,,72,0,1.45175,acquisition,3.164973,,0,pi,39.341615,all_to_all
V0,,70,0,1.503929,acquisition,5.371588,72,140,virtual,39.57484,all_to_all
V1,,68,0,1.504165,acquisition,5.381167,72,142,virtual,39.57484,all_to_all
P0,,72,0,1.443365,acquisition,5.133581,,0,pi,39.57484,all_to_all
V0,,72,1,1.501735,acquisition,1.515426,73,142,virtual,39.855145,all_to_all
V1,,69,1,1.501951,acquisition,1.518917,73,145,virtual,39.855145,all_to_all
P0,,73,0,1.436635,acquisition,1.254702,,2,pi,39.855145,all_to_all
V0,,72,0,1.500079,acquisition,3.623293,73,142,virtual,40.075287,all_to_all
V1,,69,0,1.500328,acquisition,3.609621,73,145,virtual,40.075287,all_to_all
P0,,73,0,1.430866,acquisition,3.159531,,0,pi,40.075287,all_to_all
V0,,72,0,1.498844,acquisition,5.424356,73,142,virtual,40.2755,all_to_all
V1,,69,0,1.499129,acquisition,5.395141,73,145,virtual,40.2755,all_to_all
P0,,73,0,1.427059,acquisition,4.921072,,0,pi,40.2755,all_to_all
V0,,73,1,1.496493,acquisition,1.544423,74,144,virtual,40.54864,all_to_all
V1,,70,1,1.498438,acquisition,1.50474,74,147,virtual,40.54864,all_to_all
P0,,74,0,1.424403,acquisition,1.059579,,0,pi,40.54864,all_to_all
V0,,73,0,1.490247,acquisition,3.627689,74,144,virtual,40.775638,all_to_all
V1,,70,0,1.496191,acquisition,3.600937,74,147,virtual,40.775638,all_to_all
P0,,74,0,1.425997,acquisition,3.104575,,0,pi,40.775638,all_to_all
V0,,73,0,1.484006,acquisition,5.399907,74,144,virtual,40.975705,all_to_all
V1,,70,0,1.49348,acquisition,5.395311,74,147,virtual,40.975705,all_to_all
P0,,74,0,1.428638,acquisition,4.923817,,0,pi,40.975705,all_to_all
V0,,75,1,1.476244,acquisition,1.470955,75,146,virtual,41.244617,all_to_all
V1,,71,1,1.489952,acquisition,1.495212,75,150,virtual,41.244617,all_to_all
P0,,75,0,1.430667,acquisition,1.07869,,2,pi,41.244617,all_to_all
V0,,75,0,1.468913,acquisition,3.524487,75,146,virtual,41.476285,all_to_all
V1,,71,0,1.485814,acquisition,3.55844,75,150,virtual,41.476285,all_to_all
P0,,75,0,1.428769,acquisition,3.154424,,0,pi,41.476285,all_to_all
V0,,75,0,1.461881,acquisition,5.568819,75,146,virtual,41.709353,all_to_all
V1,,71,0,1.481529,acquisition,5.616497,75,150,virtual,41.709353,all_to_all
P0,,75,0,1.424866,acquisition,5.216879,,0,pi,41.709353,all_to_all
V0,,76,1,1.45567,acquisition,1.319546,76,148,virtual,41.955114,all_to_all
V1,,72,1,1.477679,acquisition,1.388387,76,152,virtual,41.955114,all_to_all
P0,,76,0,1.422117,acquisition,1.108384,,2,pi,41.955114,all_to_all
V0,,76,0,1.450292,acquisition,3.34538,76,148,virtual,42.176535,all_to_all
V1,,72,0,1.474339,acquisition,3.441988,76,152,virtual,42.176535,all_to_all
P0,,76,0,1.420096,acquisition,3.063106,,0,pi,42.176535,all_to_all
V0,,76,0,1.445673,acquisition,5.368588,76,148,virtual,42.409975,all_to_all
V1,,72,0,1.47147,acquisition,5.499028,76,152,virtual,42.409975,all_to_all
P0,,76,0,1.419085,acquisition,5.129347,,0,pi,42.409975,all_to_all
V0,,77,1,1.441715,acquisition,1.109301,77,150,virtual,42.64593,all_to_all
V1,,73,1,1.468618,acquisition,1.271256,77,154,virtual,42.64593,all_to_all
P0,,77,0,1.418668,acquisition,0.941819,,1,pi,42.64593,all_to_all
V0,,77,0,1.43833,acquisition,3.141606,77,150,virtual,42.877039,all_to_all
V1,,73,0,1.464568,acquisition,3.310121,77,154,virtual,42.877039,all_to_all
P0,,77,0,1.417084,acquisition,2.954308,,0,pi,42.877039,all_to_all
V0,,77,0,1.435434,acquisition,5.17654,77,150,virtual,43.110302,all_to_all
V1,,73,0,1.460569,acquisition,5.344957,77,154,virtual,43.110302,all_to_all
P0,,77,0,1.414708,acquisition,4.950253,,0,pi,43.110302,all_to_all
V0,,78,1,1.432631,acquisition,1.215886,78,152,virtual,43.388001,all_to_all
V1,,74,1,1.455989,acquisition,1.386357,78,156,virtual,43.388001,all_to_all
P0,,78,0,1.412801,acquisition,1.066173,,2,pi,43.388001,all_to_all
V0,,78,0,1.430553,acquisition,3.233004,78,152,virtual,43.611121,all_to_all
V1,,74,0,1.451116,acquisition,3.408994,78,156,virtual,43.611121,all_to_all
P0,,78,0,1.412194,acquisition,3.014236,,0,pi,43.611121,all_to_all
V0,,78,0,1.428772,acquisition,5.24713,78,152,virtual,43.84372,all_to_all
V1,,74,0,1.446538,acquisition,5.425707,78,156,virtual,43.84372,all_to_all
P0,,78,0,1.412253,acquisition,5.065814,,0,pi,43.84372,all_to_all
V0,,79,1,1.427248,acquisition,0.982476,79,154,virtual,44.11264,all_to_all
V1,,75,1,1.442517,acquisition,1.156152,79,158,virtual,44.11264,all_to_all
P0,,79,0,1.412399,acquisition,1.162335,,2,pi,44.11264,all_to_all
V0,,79,0,1.425776,acquisition,3.303863,79,154,virtual,44.34452,all_to_all
V1,,75,0,1.438583,acquisition,3.454279,79,158,virtual,44.34452,all_to_all
P0,,79,0,1.41085,acquisition,3.192588,,0,pi,44.34452,all_to_all
V0,,79,0,1.424834,acquisition,5.049529,79,154,virtual,44.578001,all_to_all
V1,,75,0,1.43605,acquisition,5.179316,79,158,virtual,44.578001,all_to_all
P0,,79,0,1.408649,acquisition,5.225116,,0,pi,44.578001,all_to_all
V0,,80,1,1.423552,acquisition,0.80329,80,156,virtual,44.823062,all_to_all
V1,,76,1,1.433313,acquisition,0.910044,80,160,virtual,44.823062,all_to_all
P0,,80,0,1.407127,acquisition,1.083557,,0,pi,44.823062,all_to_all
V0,,80,0,1.420751,acquisition,3.125907,80,156,virtual,45.045215,all_to_all
V1,,76,0,1.429054,acquisition,3.207823,80,160,virtual,45.045215,all_to_all
P0,,80,0,1.402822,acquisition,2.943865,,0,pi,45.045215,all_to_all
V0,,80,0,1.4186,acquisition,4.865247,80,156,virtual,45.278334,all_to_all
V1,,76,0,1.425883,acquisition,4.929181,80,160,virtual,45.278334,all_to_all
P0,,80,0,1.397847,acquisition,4.866071,,0,pi,45.278334,all_to_all
V0,,81,1,1.415711,acquisition,0.897704,80,157,virtual,45.478689,all_to_all
V1,,77,1,1.422131,acquisition,0.942243,80,161,virtual,45.478689,all_to_all
P0,,81,1,1.393039,acquisition,0.207405,,0,pi,45.478689,all_to_all
V0,,81,1,1.413724,acquisition,2.044714,81,158,virtual,45.678899,all_to_all
V1,,77,1,1.420473,acquisition,2.087689,81,162,virtual,45.678899,all_to_all
P0,,81,0,1.390881,acquisition,1.901173,,0,pi,45.678899,all_to_all
V0,,81,0,1.410143,acquisition,4.034299,81,158,virtual,45.91223,all_to_all
V1,,77,0,1.417897,acquisition,4.082435,81,162,virtual,45.91223,all_to_all
P0,,81,0,1.388902,acquisition,3.892168,,0,pi,45.91223,all_to_all
V0,,81,0,1.407318,acquisition,5.733519,81,158,virtual,46.112491,all_to_all
V1,,77,0,1.415984,acquisition,5.790671,81,162,virtual,46.112491,all_to_all
P0,,81,0,1.387893,acquisition,5.618179,,0,pi,46.112491,all_to_all
V0,,82,1,1.404737,acquisition,1.149453,82,160,virtual,46.317602,all_to_all
V1,,78,1,1.413741,acquisition,1.215732,82,164,virtual,46.317602,all_to_all
P0,,82,0,1.38732,acquisition,1.112116,,2,pi,46.317602,all_to_all
V0,,82,0,1.400758,acquisition,3.125677,82,160,virtual,46.546255,all_to_all
V1,,78,0,1.408948,acquisition,3.196833,82,164,virtual,46.546255,all_to_all
P0,,82,0,1.385602,acquisition,3.078607,,0,pi,46.546255,all_to_all
V0,,82,0,1.396658,acquisition,5.09552,82,160,virtual,46.779344,all_to_all
V1,,78,0,1.403797,acquisition,5.168244,82,164,virtual,46.779344,all_to_all
P0,,82,0,1.38369,acquisition,5.078323,,0,pi,46.779344,all_to_all
V0,,83,1,1.392425,acquisition,1.060964,83,162,virtual,47.057199,all_to_all
V1,,79,1,1.398448,acquisition,1.129523,83,166,virtual,47.057199,all_to_all
P0,,83,0,1.382162,acquisition,1.185235,,2,pi,47.057199,all_to_all
V0,,83,0,1.387914,acquisition,3.027042,83,162,virtual,47.279877,all_to_all
V1,,79,0,1.39309,acquisition,3.078798,83,166,virtual,47.279877,all_to_all
P0,,83,0,1.380178,acquisition,3.087088,,0,pi,47.279877,all_to_all
V0,,83,0,1.383998,acquisition,4.70769,83,162,virtual,47.479911,all_to_all
V1,,79,0,1.388542,acquisition,4.742899,83,166,virtual,47.479911,all_to_all
P0,,83,0,1.378523,acquisition,4.79419,,0,pi,47.479911,all_to_all
V0,,84,1,1.379325,acquisition,0.65831,83,163,virtual,47.680123,all_to_all
V1,,80,1,1.383144,acquisition,0.673938,83,167,virtual,47.680123,all_to_all
P0,,84,1,1.377028,acquisition,0.218533,,0,pi,47.680123,all_to_all
V0,,84,1,1.377255,acquisition,1.770977,84,164,virtual,47.88049,all_to_all
V1,,80,1,1.380747,acquisition,1.78363,84,168,virtual,47.88049,all_to_all
P0,,84,0,1.376027,acquisition,1.934466,,0,pi,47.88049,all_to_all
V0,,84,0,1.374035,acquisition,3.715858,84,164,virtual,48.113775,all_to_all
V1,,80,0,1.377013,acquisition,3.728641,84,168,virtual,48.113775,all_to_all
P0,,84,0,1.374293,acquisition,3.919827,,0,pi,48.113775,all_to_all
V0,,84,0,1.371642,acquisition,5.38164,84,164,virtual,48.313963,all_to_all
V1,,80,0,1.374236,acquisition,5.395737,84,168,virtual,48.313963,all_to_all
P0,,84,0,1.373159,acquisition,5.626844,,0,pi,48.313963,all_to_all
V0,,85,1,1.369218,acquisition,1.043449,85,166,virtual,48.547397,all_to_all
V1,,81,1,1.371429,acquisition,1.058838,85,170,virtual,48.547397,all_to_all
P0,,85,0,1.37253,acquisition,1.34504,,0,pi,48.547397,all_to_all
V0,,85,0,1.367399,acquisition,2.717655,85,166,virtual,48.747593,all_to_all
V1,,81,0,1.369343,acquisition,2.733755,85,170,virtual,48.747593,all_to_all
P0,,85,0,1.371114,acquisition,2.983869,,0,pi,48.747593,all_to_all
V0,,85,0,1.365553,acquisition,4.672913,85,166,virtual,48.980943,all_to_all
V1,,81,0,1.367234,acquisition,4.689408,85,170,virtual,48.980943,all_to_all
P0,,85,0,1.369148,acquisition,4.786799,,0,pi,48.980943,all_to_all
V0,,86,1,1.363763,acquisition,0.624723,85,167,virtual,49.181027,all_to_all
V1,,82,1,1.365193,acquisition,0.641209,85,171,virtual,49.181027,all_to_all
P0,,86,1,1.367554,acquisition,0.039791,,0,pi,49.181027,all_to_all
V0,,86,1,1.362782,acquisition,2.013834,86,168,virtual,49.381553,all_to_all
V1,,82,1,1.364077,acquisition,2.030094,86,172,virtual,49.381553,all_to_all
P0,,86,0,1.366971,acquisition,1.7036,,0,pi,49.381553,all_to_all
V0,,86,0,1.361893,acquisition,3.396225,86,168,virtual,49.614883,all_to_all
V1,,82,0,1.363066,acquisition,3.412143,86,172,virtual,49.614883,all_to_all
P0,,86,0,1.366263,acquisition,3.663243,,0,pi,49.614883,all_to_all
V0,,86,0,1.360798,acquisition,5.329861,86,168,virtual,49.848122,all_to_all
V1,,82,0,1.361822,acquisition,5.345171,86,172,virtual,49.848122,all_to_all
P0,,86,0,1.365758,acquisition,5.658323,,0,pi,49.848122,all_to_all
V0,,87,1,1.359816,acquisition,0.70459,87,170,virtual,50.051079,all_to_all
V1,,83,1,1.360731,acquisition,0.719298,87,174,virtual,50.051079,all_to_all
P0,,87,0,1.365506,acquisition,1.117598,,2,pi,50.051079,all_to_all
V0,,87,0,1.357551,acquisition,2.63609,87,170,virtual,50.282004,all_to_all
V1,,83,0,1.358354,acquisition,2.649993,87,174,virtual,50.282004,all_to_all
P0,,87,0,1.364537,acquisition,3.078247,,0,pi,50.282004,all_to_all
V0,,87,0,1.355094,acquisition,4.565479,87,170,virtual,50.515265,all_to_all
V1,,83,0,1.355802,acquisition,4.578546,87,174,virtual,50.515265,all_to_all
P0,,87,0,1.363403,acquisition,5.047479,,0,pi,50.515265,all_to_all
V0,,88,1,1.35251,acquisition,0.485683,88,172,virtual,50.785192,all_to_all
V1,,84,1,1.353126,acquisition,0.497809,88,176,virtual,50.785192,all_to_all
P0,,88,0,1.3625,acquisition,1.049967,,0,pi,50.785192,all_to_all
V0,,88,0,1.349324,acquisition,2.414124,88,172,virtual,51.016062,all_to_all
V1,,84,0,1.349872,acquisition,2.425409,88,176,virtual,51.016062,all_to_all
P0,,88,0,1.361201,acquisition,2.942579,,0,pi,51.016062,all_to_all
V0,,88,0,1.345967,acquisition,4.338997,88,172,virtual,51.248983,all_to_all
V1,,84,0,1.346456,acquisition,4.349466,88,176,virtual,51.248983,all_to_all
P0,,88,0,1.359173,acquisition,4.723983,,0,pi,51.248983,all_to_all
V0,,89,1,1.34254,acquisition,0.250151,88,172,virtual,51.452858,all_to_all
V1,,85,1,1.342972,acquisition,0.259759,88,176,virtual,51.452858,all_to_all
P0,,89,1,1.357448,acquisition,6.273558,,0,pi,51.452858,all_to_all
V0,,89,1,1.340654,acquisition,1.612864,90,175,virtual,51.682654,all_to_all
V1,,85,1,1.341049,acquisition,1.621942,90,179,virtual,51.682654,all_to_all
P0,,90,0,1.356674,acquisition,1.864827,,0,pi,51.682654,all_to_all
V0,,89,0,1.338636,acquisition,3.216714,90,175,virtual,51.883019,all_to_all
V1,,85,0,1.338984,acquisition,3.225151,90,179,virtual,51.883019,all_to_all
P0,,90,0,1.355428,acquisition,3.443619,,0,pi,51.883019,all_to_all
V0,,89,0,1.336323,acquisition,5.341382,90,175,virtual,52.116282,all_to_all
V1,,85,0,1.336617,acquisition,5.348989,90,179,virtual,52.116282,all_to_all
P0,,90,0,1.354261,acquisition,5.314256,,0,pi,52.116282,all_to_all
V0,,90,1,1.334837,acquisition,0.654804,91,177,virtual,52.352017,all_to_all
V1,,86,1,1.335094,acquisition,0.661818,91,181,virtual,52.352017,all_to_all
P0,,91,0,1.353825,acquisition,0.993828,,0,pi,52.352017,all_to_all
V0,,90,0,1.333324,acquisition,2.543041,91,177,virtual,52.58371,all_to_all
V1,,86,0,1.333543,acquisition,2.549399,91,181,virtual,52.58371,all_to_all
P0,,91,0,1.351389,acquisition,2.829883,,0,pi,52.58371,all_to_all
V0,,90,0,1.332023,acquisition,4.443879,91,177,virtual,52.816736,all_to_all
V1,,86,0,1.332212,acquisition,4.449625,91,181,virtual,52.816736,all_to_all
P0,,91,0,1.347697,acquisition,4.642142,,0,pi,52.816736,all_to_all
V0,,90,0,1.331058,acquisition,6.076197,91,177,virtual,53.016828,all_to_all
V1,,86,0,1.331223,acquisition,6.081454,91,181,virtual,53.016828,all_to_all
P0,,91,0,1.344626,acquisition,6.19953,,0,pi,53.016828,all_to_all
V0,,91,1,1.330213,acquisition,1.424307,92,179,virtual,53.217467,all_to_all
V1,,87,1,1.330357,acquisition,1.429107,92,183,virtual,53.217467,all_to_all
P0,,92,0,1.342743,acquisition,1.525589,,0,pi,53.217467,all_to_all
V0,,91,0,1.329358,acquisition,3.313833,92,179,virtual,53.450585,all_to_all
V1,,87,0,1.329481,acquisition,3.31814,92,183,virtual,53.450585,all_to_all
P0,,92,0,1.339791,acquisition,3.349485,,0,pi,53.450585,all_to_all
V0,,91,0,1.328724,acquisition,4.93173,92,179,virtual,53.650748,all_to_all
V1,,87,0,1.328832,acquisition,4.93565,92,183,virtual,53.650748,all_to_all
P0,,92,0,1.337591,acquisition,4.923516,,0,pi,53.650748,all_to_all
V0,,93,1,1.327998,acquisition,0.80978,92,180,virtual,53.850848,all_to_all
V1,,88,1,1.328089,acquisition,0.811727,92,185,virtual,53.850848,all_to_all
P0,,93,1,1.335663,acquisition,0.221729,,0,pi,53.850848,all_to_all
V0,,93,1,1.327195,acquisition,1.886723,93,181,virtual,54.0514,all_to_all
V1,,88,1,1.327283,acquisition,1.881884,93,186,virtual,54.0514,all_to_all
P0,,93,0,1.333973,acquisition,1.859254,,0,pi,54.0514,all_to_all
V0,,93,0,1.325089,acquisition,3.760397,93,181,virtual,54.284653,all_to_all
V1,,88,0,1.325175,acquisition,3.739822,93,186,virtual,54.284653,all_to_all
P0,,93,0,1.330391,acquisition,3.766352,,0,pi,54.284653,all_to_all
V0,,93,0,1.322942,acquisition,5.630526,93,181,virtual,54.517986,all_to_all
V1,,88,0,1.323028,acquisition,5.594414,93,186,virtual,54.517986,all_to_all
P0,,93,0,1.32741,acquisition,5.686182,,0,pi,54.517986,all_to_all
V0,,94,1,1.321543,acquisition,0.682364,93,182,virtual,54.733053,all_to_all
V1,,89,1,1.321631,acquisition,0.637703,93,187,virtual,54.733053,all_to_all
P0,,94,0,1.325581,acquisition,1.177374,,0,pi,54.733053,all_to_all
V0,,94,0,1.318748,acquisition,2.543648,94,183,virtual,54.951848,all_to_all
V1,,89,0,1.318856,acquisition,2.499501,94,188,virtual,54.951848,all_to_all
P0,,94,0,1.321677,acquisition,2.894895,,0,pi,54.951848,all_to_all
V0,,94,0,1.315193,acquisition,4.665314,94,183,virtual,55.184833,all_to_all
V1,,89,0,1.315329,acquisition,4.627093,94,188,virtual,55.184833,all_to_all
P0,,94,0,1.317229,acquisition,4.658483,,0,pi,55.184833,all_to_all
V0,,94,0,1.312767,acquisition,6.25512,94,183,virtual,55.385226,all_to_all
V1,,89,0,1.312922,acquisition,6.221692,94,188,virtual,55.385226,all_to_all
P0,,94,0,1.313702,acquisition,6.169787,,0,pi,55.385226,all_to_all
V0,,95,1,1.310941,acquisition,1.294938,95,185,virtual,55.585506,all_to_all
V1,,90,1,1.311108,acquisition,1.265207,95,190,virtual,55.585506,all_to_all
P0,,95,0,1.311733,acquisition,1.448434,,0,pi,55.585506,all_to_all
V0,,95,0,1.308653,acquisition,3.145916,95,185,virtual,55.819002,all_to_all
V1,,90,0,1.308827,acquisition,3.120746,95,190,virtual,55.819002,all_to_all
P0,,95,0,1.309865,acquisition,3.235552,,0,pi,55.819002,all_to_all
V0,,95,0,1.306942,acquisition,4.732853,95,185,virtual,56.019095,all_to_all
V1,,90,0,1.30712,acquisition,4.711102,95,190,virtual,56.019095,all_to_all
P0,,95,0,1.308917,acquisition,4.781898,,0,pi,56.019095,all_to_all
V0,,96,1,1.304982,acquisition,0.567539,95,186,virtual,56.219115,all_to_all
V1,,91,1,1.305164,acquisition,0.549733,95,191,virtual,56.219115,all_to_all
P0,,96,1,1.308198,acquisition,0.055461,,0,pi,56.219115,all_to_all
V0,,96,1,1.303665,acquisition,1.626613,96,187,virtual,56.419723,all_to_all
V1,,91,1,1.303847,acquisition,1.610512,96,192,virtual,56.419723,all_to_all
P0,,96,0,1.307345,acquisition,1.669392,,0,pi,56.419723,all_to_all
V0,,96,0,1.301217,acquisition,3.211855,96,187,virtual,56.623285,all_to_all
V1,,91,0,1.301399,acquisition,3.198037,96,192,virtual,56.623285,all_to_all
P0,,96,0,1.305866,acquisition,3.321531,,0,pi,56.623285,all_to_all
V0,,96,0,1.298402,acquisition,5.057927,96,187,virtual,56.852918,all_to_all
V1,,91,0,1.298584,acquisition,5.046433,96,192,virtual,56.852918,all_to_all
P0,,96,0,1.303714,acquisition,5.191694,,0,pi,56.852918,all_to_all
V0,,97,1,1.295235,acquisition,0.879927,97,189,virtual,57.123098,all_to_all
V1,,92,1,1.295695,acquisition,0.870844,97,194,virtual,57.123098,all_to_all
P0,,97,0,1.302022,acquisition,1.112245,,0,pi,57.123098,all_to_all
V0,,97,0,1.2906,acquisition,2.708842,97,189,virtual,57.35352,all_to_all
V1,,92,0,1.292439,acquisition,2.704052,97,194,virtual,57.35352,all_to_all
P0,,97,0,1.299387,acquisition,2.905364,,0,pi,57.35352,all_to_all
V0,,97,0,1.285702,acquisition,4.527688,97,189,virtual,57.586732,all_to_all
V1,,92,0,1.289099,acquisition,4.531171,97,194,virtual,57.586732,all_to_all
P0,,97,0,1.29663,acquisition,4.665999,,0,pi,57.586732,all_to_all
V0,,97,0,1.281877,acquisition,6.080991,97,189,virtual,57.786769,all_to_all
V1,,92,0,1.286507,acquisition,6.094566,97,194,virtual,57.786769,all_to_all
P0,,97,0,1.294013,acquisition,6.148328,,0,pi,57.786769,all_to_all
V0,,98,1,1.277896,acquisition,1.347328,98,191,virtual,57.987289,all_to_all
V1,,93,1,1.283596,acquisition,1.370209,98,196,virtual,57.987289,all_to_all
P0,,98,0,1.292414,acquisition,1.421276,,0,pi,57.987289,all_to_all
V0,,98,0,1.273026,acquisition,3.152087,98,191,virtual,58.220433,all_to_all
V1,,93,0,1.27977,acquisition,3.184047,98,196,virtual,58.220433,all_to_all
P0,,98,0,1.289913,acquisition,3.257654,,0,pi,58.220433,all_to_all
V0,,98,0,1.26921,acquisition,4.694465,98,191,virtual,58.420607,all_to_all
V1,,93,0,1.276719,acquisition,4.735406,98,196,virtual,58.420607,all_to_all
P0,,98,0,1.28805,acquisition,4.855977,,0,pi,58.420607,all_to_all
V0,,99,1,1.264777,acquisition,0.462272,98,192,virtual,58.620976,all_to_all
V1,,94,1,1.273108,acquisition,0.516393,98,197,virtual,58.620976,all_to_all
P0,,99,1,1.286417,acquisition,0.176355,,0,pi,58.620976,all_to_all
V0,,99,1,1.262817,acquisition,1.489605,99,193,virtual,58.821207,all_to_all
V1,,94,1,1.270992,acquisition,1.54282,99,198,virtual,58.821207,all_to_all
P0,,99,0,1.285172,acquisition,1.771298,,0,pi,58.821207,all_to_all
V0,,99,0,1.260171,acquisition,3.03215,99,193,virtual,59.021239,all_to_all
V1,,94,0,1.26763,acquisition,3.07681,99,198,virtual,59.021239,all_to_all
P0,,99,0,1.281924,acquisition,3.278044,,0,pi,59.021239,all_to_all
V0,,99,0,1.257493,acquisition,4.830219,99,193,virtual,59.254348,all_to_all
V1,,94,0,1.263972,acquisition,4.861559,99,198,virtual,59.254348,all_to_all
P0,,99,0,1.278348,acquisition,5.021428,,0,pi,59.254348,all_to_all
V0,,100,1,1.254897,acquisition,0.598043,99,194,virtual,59.454664,all_to_all
V1,,95,1,1.260345,acquisition,0.615099,99,199,virtual,59.454664,all_to_all
P0,,100,1,1.274998,acquisition,0.214678,,0,pi,59.454664,all_to_all
V0,,100,1,1.25375,acquisition,1.616703,100,195,virtual,59.655028,all_to_all
V1,,95,1,1.258741,acquisition,1.632436,100,200,virtual,59.655028,all_to_all
P0,,100,0,1.273939,acquisition,1.762944,,0,pi,59.655028,all_to_all
V0,,100,0,1.252194,acquisition,3.138532,100,195,virtual,59.855075,all_to_all
V1,,95,0,1.256574,acquisition,3.155898,100,200,virtual,59.855075,all_to_all
P0,,100,0,1.273876,acquisition,3.328803,,0,pi,59.855075,all_to_all
