batch_id,trial_id,model_name,leader_freq_hz,follower_initial_freq_hz,duration_s,synchronization_success,time_to_synchronization_s,steady_state_mean_abs_timing_error_s,steady_state_rmse_timing_error_s,steady_state_jitter_s,final_frequency_error_hz,convergence_quality,leader_flash_count,follower_flash_count,expected_leader_flash_count,leader_flash_count_ratio,failure_label,pco_coupling_mode,trial_log_dir
20260615_190258_pco_if_synthetic_batch,L2.0Hz_F1.5Hz_r01,pco_if,2.0,1.5,30.0,False,,0.135769,0.15431,0.073337,0.2217573221760103,0.0,60,53,60.0,1.0,no_lock_detected,proportional_gap,experiments\logs\stage3b_synthetic_models\20260615_190258_pco_if_synthetic_batch\trials\L2.0Hz_F1.5Hz_r01
20260615_190258_pco_if_synthetic_batch,L2.0Hz_F1.5Hz_r02,pco_if,2.0,1.5,30.0,False,,0.135769,0.15431,0.073337,0.2217573221760103,0.0,60,53,60.0,1.0,no_lock_detected,proportional_gap,experiments\logs\stage3b_synthetic_models\20260615_190258_pco_if_synthetic_batch\trials\L2.0Hz_F1.5Hz_r02
20260615_190258_pco_if_synthetic_batch,L2.0Hz_F1.5Hz_r03,pco_if,2.0,1.5,30.0,False,,0.135769,0.15431,0.073337,0.2217573221760103,0.0,60,53,60.0,1.0,no_lock_detected,proportional_gap,experiments\logs\stage3b_synthetic_models\20260615_190258_pco_if_synthetic_batch\trials\L2.0Hz_F1.5Hz_r03
20260615_190258_pco_if_synthetic_batch,L2.0Hz_F1.5Hz_r04,pco_if,2.0,1.5,30.0,False,,0.135769,0.15431,0.073337,0.2217573221760103,0.0,60,53,60.0,1.0,no_lock_detected,proportional_gap,experiments\logs\stage3b_synthetic_models\20260615_190258_pco_if_synthetic_batch\trials\L2.0Hz_F1.5Hz_r04
20260615_190258_pco_if_synthetic_batch,L2.0Hz_F1.5Hz_r05,pco_if,2.0,1.5,30.0,False,,0.135769,0.15431,0.073337,0.2217573221760103,0.0,60,53,60.0,1.0,no_lock_detected,proportional_gap,experiments\logs\stage3b_synthetic_models\20260615_190258_pco_if_synthetic_batch\trials\L2.0Hz_F1.5Hz_r05
20260615_190258_pco_if_synthetic_batch,L2.0Hz_F1.8Hz_r01,pco_if,2.0,1.8,30.0,False,,0.2,0.2,0.0,3.126388037344441e-13,0.0,60,60,60.0,1.0,steady_offset_above_threshold,proportional_gap,experiments\logs\stage3b_synthetic_models\20260615_190258_pco_if_synthetic_batch\trials\L2.0Hz_F1.8Hz_r01
20260615_190258_pco_if_synthetic_batch,L2.0Hz_F1.8Hz_r02,pco_if,2.0,1.8,30.0,False,,0.2,0.2,0.0,3.126388037344441e-13,0.0,60,60,60.0,1.0,steady_offset_above_threshold,proportional_gap,experiments\logs\stage3b_synthetic_models\20260615_190258_pco_if_synthetic_batch\trials\L2.0Hz_F1.8Hz_r02
20260615_190258_pco_if_synthetic_batch,L2.0Hz_F1.8Hz_r03,pco_if,2.0,1.8,30.0,False,,0.2,0.2,0.0,3.126388037344441e-13,0.0,60,60,60.0,1.0,steady_offset_above_threshold,proportional_gap,experiments\logs\stage3b_synthetic_models\20260615_190258_pco_if_synthetic_batch\trials\L2.0Hz_F1.8Hz_r03
20260615_190258_pco_if_synthetic_batch,L2.0Hz_F1.8Hz_r04,pco_if,2.0,1.8,30.0,False,,0.2,0.2,0.0,3.126388037344441e-13,0.0,60,60,60.0,1.0,steady_offset_above_threshold,proportional_gap,experiments\logs\stage3b_synthetic_models\20260615_190258_pco_if_synthetic_batch\trials\L2.0Hz_F1.8Hz_r04
20260615_190258_pco_if_synthetic_batch,L2.0Hz_F1.8Hz_r05,pco_if,2.0,1.8,30.0,False,,0.2,0.2,0.0,3.126388037344441e-13,0.0,60,60,60.0,1.0,steady_offset_above_threshold,proportional_gap,experiments\logs\stage3b_synthetic_models\20260615_190258_pco_if_synthetic_batch\trials\L2.0Hz_F1.8Hz_r05
20260615_190258_pco_if_synthetic_batch,L2.0Hz_F2.3Hz_r01,pco_if,2.0,2.3,30.0,False,,0.104722,0.131624,0.079739,0.45398773006096604,0.0,60,73,60.0,1.0,no_lock_detected,proportional_gap,experiments\logs\stage3b_synthetic_models\20260615_190258_pco_if_synthetic_batch\trials\L2.0Hz_F2.3Hz_r01
20260615_190258_pco_if_synthetic_batch,L2.0Hz_F2.3Hz_r02,pco_if,2.0,2.3,30.0,False,,0.104722,0.131624,0.079739,0.45398773006096604,0.0,60,73,60.0,1.0,no_lock_detected,proportional_gap,experiments\logs\stage3b_synthetic_models\20260615_190258_pco_if_synthetic_batch\trials\L2.0Hz_F2.3Hz_r02
20260615_190258_pco_if_synthetic_batch,L2.0Hz_F2.3Hz_r03,pco_if,2.0,2.3,30.0,False,,0.104722,0.131624,0.079739,0.45398773006096604,0.0,60,73,60.0,1.0,no_lock_detected,proportional_gap,experiments\logs\stage3b_synthetic_models\20260615_190258_pco_if_synthetic_batch\trials\L2.0Hz_F2.3Hz_r03
20260615_190258_pco_if_synthetic_batch,L2.0Hz_F2.3Hz_r04,pco_if,2.0,2.3,30.0,False,,0.104722,0.131624,0.079739,0.45398773006096604,0.0,60,73,60.0,1.0,no_lock_detected,proportional_gap,experiments\logs\stage3b_synthetic_models\20260615_190258_pco_if_synthetic_batch\trials\L2.0Hz_F2.3Hz_r04
20260615_190258_pco_if_synthetic_batch,L2.0Hz_F2.3Hz_r05,pco_if,2.0,2.3,30.0,False,,0.104722,0.131624,0.079739,0.45398773006096604,0.0,60,73,60.0,1.0,no_lock_detected,proportional_gap,experiments\logs\stage3b_synthetic_models\20260615_190258_pco_if_synthetic_batch\trials\L2.0Hz_F2.3Hz_r05
